{"buf":[14141.7728,14138.218400000002,14140.588000000002,14134.664,14120.4464,14131.109600000002,14139.4032,14140.588000000002,14140.588000000002],"k":2001,"need_restart":false,"coefs":[-0.0054390053,0.043512043,-0.15229215,0.3045843,0.6192696,0.3045843,-0.15229215,0.043512043,-0.0054390053]}